{
    "apiVersion": "v1",
    "kind": "Namespace",
    "metadata": {
        "annotations": {
            "kubectl.kubernetes.io/last-applied-configuration": "{\"apiVersion\":\"v1\",\"kind\":\"Namespace\",\"metadata\":{\"annotations\":{},\"name\":\"kubernetes-dashboard\"}}\n"
        },
        "creationTimestamp": "2022-05-31T14:27:42Z",
        "deletionTimestamp": "2022-06-01T04:01:17Z",
        "managedFields": [
            {
                "apiVersion": "v1",
                "fieldsType": "FieldsV1",
                "fieldsV1": {
                    "f:metadata": {
                        "f:annotations": {
                            ".": {},
                            "f:kubectl.kubernetes.io/last-applied-configuration": {}
                        }
                    },
                    "f:status": {
                        "f:phase": {}
                    }
                },
                "manager": "kubectl-client-side-apply",
                "operation": "Update",
                "time": "2022-05-31T14:27:42Z"
            },
            {
                "apiVersion": "v1",
                "fieldsType": "FieldsV1",
                "fieldsV1": {
                    "f:status": {
                        "f:conditions": {
                            ".": {},
                            "k:{\"type\":\"NamespaceContentRemaining\"}": {
                                ".": {},
                                "f:lastTransitionTime": {},
                                "f:message": {},
                                "f:reason": {},
                                "f:status": {},
                                "f:type": {}
                            },
                            "k:{\"type\":\"NamespaceDeletionContentFailure\"}": {
                                ".": {},
                                "f:lastTransitionTime": {},
                                "f:message": {},
                                "f:reason": {},
                                "f:status": {},
                                "f:type": {}
                            },
                            "k:{\"type\":\"NamespaceDeletionDiscoveryFailure\"}": {
                                ".": {},
                                "f:lastTransitionTime": {},
                                "f:message": {},
                                "f:reason": {},
                                "f:status": {},
                                "f:type": {}
                            },
                            "k:{\"type\":\"NamespaceDeletionGroupVersionParsingFailure\"}": {
                                ".": {},
                                "f:lastTransitionTime": {},
                                "f:message": {},
                                "f:reason": {},
                                "f:status": {},
                                "f:type": {}
                            },
                            "k:{\"type\":\"NamespaceFinalizersRemaining\"}": {
                                ".": {},
                                "f:lastTransitionTime": {},
                                "f:message": {},
                                "f:reason": {},
                                "f:status": {},
                                "f:type": {}
                            }
                        }
                    }
                },
                "manager": "kube-controller-manager",
                "operation": "Update",
                "time": "2022-06-01T04:01:22Z"
            }
        ],
        "name": "kubernetes-dashboard",
        "resourceVersion": "21292220",
        "uid": "c15f9bc8-ff0d-4cb5-8288-b6f6dc3bc301"
    },
    "spec": {
    },
    "status": {
        "conditions": [
            {
                "lastTransitionTime": "2022-06-01T04:01:22Z",
                "message": "Discovery failed for some groups, 1 failing: unable to retrieve the complete list of server APIs: metrics.k8s.io/v1beta1: the server is currently unable to handle the request",
                "reason": "DiscoveryFailed",
                "status": "True",
                "type": "NamespaceDeletionDiscoveryFailure"
            },
            {
                "lastTransitionTime": "2022-06-01T04:01:22Z",
                "message": "All legacy kube types successfully parsed",
                "reason": "ParsedGroupVersions",
                "status": "False",
                "type": "NamespaceDeletionGroupVersionParsingFailure"
            },
            {
                "lastTransitionTime": "2022-06-01T04:01:22Z",
                "message": "All content successfully deleted, may be waiting on finalization",
                "reason": "ContentDeleted",
                "status": "False",
                "type": "NamespaceDeletionContentFailure"
            },
            {
                "lastTransitionTime": "2022-06-01T04:01:34Z",
                "message": "All content successfully removed",
                "reason": "ContentRemoved",
                "status": "False",
                "type": "NamespaceContentRemaining"
            },
            {
                "lastTransitionTime": "2022-06-01T04:01:22Z",
                "message": "All content-preserving finalizers finished",
                "reason": "ContentHasNoFinalizers",
                "status": "False",
                "type": "NamespaceFinalizersRemaining"
            }
        ],
        "phase": "Terminating"
    }
}
